record_key,destination_key,feature_group,feature_key,feature_value,availability_level,proximity_band,display_label,evidence_summary,source_name,source_url,source_as_of_date,confidence,matching_enabled,display_enabled,notes
lf_the_villages_fl_us_settlement_type,the-villages-fl-us,community_form,settlement_type,MIXED,NOT_APPLICABLE,NOT_APPLICABLE,Community type,"Population 83,498; city_type 'Master-planned retirement community' - does not cleanly fit a standard settlement-type category (large land area, low-rise, no downtown core, age-restricted, spans 3 counties).","Batch #1 workbook (existing, untouched v3.2)",,,HIGH,YES,YES,PRIMARY - see dedicated retirement_orientation/master_planned_or_gated_character keys for the more accurate characterization.
lf_the_villages_fl_us_suburban_character,the-villages-fl-us,community_form,suburban_character,NOT_APPLICABLE,NONE,NOT_APPLICABLE,Suburban character,"An independent census-designated place spanning three counties, not administratively part of a larger city.",Wikipedia,"https://en.wikipedia.org/wiki/The_Villages,_Florida",2026-08-27,MEDIUM,YES,YES,
lf_the_villages_fl_us_resort_orientation,the-villages-fl-us,community_form,resort_orientation,NOT_APPLICABLE,LIMITED,NOT_APPLICABLE,Resort orientation,"An amenity-rich permanent residential community, not a vacation/tourism destination; economy is centered on retail, healthcare and resident services rather than tourism.",Wikipedia,"https://en.wikipedia.org/wiki/The_Villages,_Florida",2026-08-27,MEDIUM,YES,YES,
lf_the_villages_fl_us_retirement_orientation,the-villages-fl-us,community_form,retirement_orientation,NOT_APPLICABLE,STRONG,NOT_APPLICABLE,Retirement-community character,Age-restricted community (80%+ of homes require a resident 55+); 2020 census shows 84.7% of residents 65 or older; named the top-selling master-planned community in the U.S. from 2010-2019 by RCLCO industry data.,Wikipedia,"https://en.wikipedia.org/wiki/The_Villages,_Florida",2026-08-27,MEDIUM,YES,YES,
lf_the_villages_fl_us_college_town_character,the-villages-fl-us,community_form,college_town_character,NOT_APPLICABLE,NONE,NOT_APPLICABLE,College-town character,"No university presence identified; the community operates its own non-degree 'Enrichment Academy' adult courses, not a college.",Wikipedia,"https://en.wikipedia.org/wiki/The_Villages,_Florida",2026-08-27,MEDIUM,YES,YES,
lf_the_villages_fl_us_master_planned_or_gated_character,the-villages-fl-us,community_form,master_planned_or_gated_character,NOT_APPLICABLE,STRONG,NOT_APPLICABLE,Master-planned / gated community presence,Explicitly developer-planned and governed by 17 community development districts (CDDs); one of the largest master-planned communities in the U.S. by home sales.,Wikipedia,"https://en.wikipedia.org/wiki/The_Villages,_Florida",2026-08-27,MEDIUM,YES,YES,
lf_the_villages_fl_us_community_energy,the-villages-fl-us,community_form,community_energy,ENERGETIC,NOT_APPLICABLE,NOT_APPLICABLE,Everyday atmosphere,"Over 3,500 resident-led clubs, nightly entertainment at five town squares, and an annual Senior Games with ~2,000 competitors.",Wikipedia,"https://en.wikipedia.org/wiki/The_Villages,_Florida",2026-08-27,MEDIUM,YES,YES,
lf_the_villages_fl_us_tourism_seasonality,the-villages-fl-us,community_form,tourism_seasonality,UNKNOWN,NOT_APPLICABLE,NOT_APPLICABLE,Tourist-season variability,This is a permanent residential community rather than a seasonal tourist destination; no visitor-seasonality data was found or is clearly applicable.,,,,LOW,NO,YES,
lf_the_villages_fl_us_coastal_setting,the-villages-fl-us,natural_setting,coastal_setting,NOT_APPLICABLE,NONE,NOT_APPLICABLE,Coastal setting,"Located in central Florida, approximately 55 miles northwest of Orlando; an inland community with only 3.83% water area within its CDP boundary.",Wikipedia,"https://en.wikipedia.org/wiki/The_Villages,_Florida",2026-08-27,MEDIUM,YES,YES,
lf_the_villages_fl_us_beach_access,the-villages-fl-us,natural_setting,beach_access,NEARBY,NOT_APPLICABLE,WITHIN_60_MIN,Beach access,Mirrors existing DESTINATIONS.beach_access = NEARBY.,DESTINATIONS.beach_access (existing authoritative field),,,HIGH,NO,YES,"Mirrored value, not independently researched."
lf_the_villages_fl_us_mountain_access,the-villages-fl-us,natural_setting,mountain_access,NONE,NOT_APPLICABLE,NONE,Mountain access,Mirrors existing DESTINATIONS.mountain_or_ski_access = NONE.,DESTINATIONS.mountain_or_ski_access (existing authoritative field),,,HIGH,NO,YES,"Mirrored value, not independently researched."
lf_the_villages_fl_us_lake_access,the-villages-fl-us,natural_setting,lake_access,NOT_APPLICABLE,MODERATE,IN_DESTINATION,Lake access,Existing PLACES/attraction entry 'Lake Sumter Landing' names a real lake at the community's center; not independently verified beyond the existing workbook naming.,"Batch #1 workbook (existing, untouched v3.2)",,,MEDIUM,YES,YES,Internal reuse of existing PLACES naming evidence.
lf_the_villages_fl_us_river_access,the-villages-fl-us,natural_setting,river_access,NOT_APPLICABLE,UNKNOWN,NOT_APPLICABLE,River access,No named river confirmed for the destination in this research pass.,,,,LOW,NO,YES,
lf_the_villages_fl_us_forest_access,the-villages-fl-us,natural_setting,forest_access,NOT_APPLICABLE,UNKNOWN,NOT_APPLICABLE,Forest / woodland access,No named forest/woodland access confirmed in this research pass.,,,,LOW,NO,YES,
lf_the_villages_fl_us_desert_setting,the-villages-fl-us,natural_setting,desert_setting,NOT_APPLICABLE,NONE,NOT_APPLICABLE,Desert setting,Central Florida humid subtropical climate; no arid/desert biome.,Wikipedia,"https://en.wikipedia.org/wiki/The_Villages,_Florida",2026-08-27,MEDIUM,YES,YES,
lf_the_villages_fl_us_countryside_access,the-villages-fl-us,natural_setting,countryside_access,NOT_APPLICABLE,MODERATE,WITHIN_30_MIN,Countryside access,"Surrounded by rural Sumter, Marion and Lake county land beyond the developed CDP boundary.",Wikipedia,"https://en.wikipedia.org/wiki/The_Villages,_Florida",2026-08-27,MEDIUM,YES,YES,
lf_the_villages_fl_us_snow_access,the-villages-fl-us,natural_setting,snow_access,NOT_APPLICABLE,NONE,NOT_APPLICABLE,Snow / winter-scenery access,Central Florida climate; snowfall is climatologically implausible.,Wikipedia,"https://en.wikipedia.org/wiki/The_Villages,_Florida",2026-08-27,MEDIUM,YES,YES,
lf_the_villages_fl_us_marina_access,the-villages-fl-us,water_and_boating,marina_access,NOT_APPLICABLE,UNKNOWN,NOT_APPLICABLE,Marina access,No marina identified in this research pass.,,,,LOW,NO,YES,
lf_the_villages_fl_us_boat_launch_access,the-villages-fl-us,water_and_boating,boat_launch_access,NOT_APPLICABLE,UNKNOWN,NOT_APPLICABLE,Boat ramp / launch access,No boat ramp identified in this research pass.,,,,LOW,NO,YES,
lf_the_villages_fl_us_slip_or_mooring_access,the-villages-fl-us,water_and_boating,slip_or_mooring_access,NOT_APPLICABLE,UNKNOWN,NOT_APPLICABLE,Boat slip / mooring availability,No slip/mooring facility identified in this research pass.,,,,LOW,NO,YES,
lf_the_villages_fl_us_powerboating_access,the-villages-fl-us,water_and_boating,powerboating_access,NOT_APPLICABLE,UNKNOWN,NOT_APPLICABLE,Powerboating,No powerboating operator/infrastructure identified in this research pass.,,,,LOW,NO,YES,
lf_the_villages_fl_us_sailing_access,the-villages-fl-us,water_and_boating,sailing_access,NOT_APPLICABLE,UNKNOWN,NOT_APPLICABLE,Sailing,No sailing club/operator identified in this research pass.,,,,LOW,NO,YES,
lf_the_villages_fl_us_fishing_access,the-villages-fl-us,water_and_boating,fishing_access,NOT_APPLICABLE,LIMITED,NOT_APPLICABLE,Fishing access,"Fishing is explicitly listed among resident recreational activities, alongside archery and air gun ranges; no natural water body for fishing was independently confirmed.",Wikipedia,"https://en.wikipedia.org/wiki/The_Villages,_Florida",2026-08-27,MEDIUM,YES,YES,
lf_the_villages_fl_us_kayaking_access,the-villages-fl-us,water_and_boating,kayaking_access,NOT_APPLICABLE,UNKNOWN,NOT_APPLICABLE,Kayaking,No kayaking outfitter/route identified in this research pass.,,,,LOW,NO,YES,
lf_the_villages_fl_us_paddleboarding_access,the-villages-fl-us,water_and_boating,paddleboarding_access,NOT_APPLICABLE,UNKNOWN,NOT_APPLICABLE,Paddleboarding,No paddleboarding outfitter identified in this research pass.,,,,LOW,NO,YES,
lf_the_villages_fl_us_swimming_access,the-villages-fl-us,water_and_boating,swimming_access,NOT_APPLICABLE,MODERATE,IN_DESTINATION,Swimming access,"Recreation centers include swimming pools; this reflects constructed pool access, not confirmed natural/lake swimming.",Wikipedia,"https://en.wikipedia.org/wiki/The_Villages,_Florida",2026-08-27,MEDIUM,YES,YES,Distinguish pool swimming (confirmed) from natural-water swimming (not confirmed).
lf_the_villages_fl_us_surfing_access,the-villages-fl-us,water_and_boating,surfing_access,NOT_APPLICABLE,NONE,NOT_APPLICABLE,Surfing,Inland central-Florida location with no coastal frontage; surfing is not applicable here.,Wikipedia,"https://en.wikipedia.org/wiki/The_Villages,_Florida",2026-08-27,MEDIUM,YES,YES,
lf_the_villages_fl_us_scuba_snorkeling_access,the-villages-fl-us,water_and_boating,scuba_snorkeling_access,NOT_APPLICABLE,LIMITED,NOT_APPLICABLE,Scuba diving / snorkeling,"The community's Enrichment Academy offers scuba-diving instruction/courses; this is instructional access, not a confirmed natural dive/snorkel site.",Wikipedia,"https://en.wikipedia.org/wiki/The_Villages,_Florida",2026-08-27,MEDIUM,YES,YES,Distinguish instructional courses (confirmed) from a natural dive site (not confirmed).
lf_the_villages_fl_us_golf_access,the-villages-fl-us,outdoor_recreation,golf_access,NOT_APPLICABLE,STRONG,IN_DESTINATION,Golf access,"The community operates 56 golf courses with 729 holes total (42 nine-hole executive courses, 12 country-club championship courses, two specialty putting courses); existing PLACES already names 6 example courses.",Wikipedia,"https://en.wikipedia.org/wiki/The_Villages,_Florida",2026-08-27,MEDIUM,YES,YES,Existing PLACES golf rows reused directly; Wikipedia confirms the wider community total.
lf_the_villages_fl_us_pickleball_access,the-villages-fl-us,outdoor_recreation,pickleball_access,NOT_APPLICABLE,STRONG,IN_DESTINATION,Pickleball,"A dedicated Pickleball Club is explicitly named among resident clubs; the community's pickleball culture has been the subject of national reporting (Politico, 'Generation Pickleball').",Wikipedia,"https://en.wikipedia.org/wiki/The_Villages,_Florida",2026-08-27,MEDIUM,YES,YES,
lf_the_villages_fl_us_tennis_access,the-villages-fl-us,outdoor_recreation,tennis_access,NOT_APPLICABLE,MODERATE,IN_DESTINATION,Tennis,Tennis courts are listed among the facilities at community recreation centers.,Wikipedia,"https://en.wikipedia.org/wiki/The_Villages,_Florida",2026-08-27,MEDIUM,YES,YES,
lf_the_villages_fl_us_skiing_snowboarding_access,the-villages-fl-us,outdoor_recreation,skiing_snowboarding_access,NOT_APPLICABLE,NONE,NOT_APPLICABLE,Skiing / snowboarding,Central Florida climate; a ski facility is not climatically feasible.,Wikipedia,"https://en.wikipedia.org/wiki/The_Villages,_Florida",2026-08-27,MEDIUM,YES,YES,
lf_the_villages_fl_us_hiking_access,the-villages-fl-us,outdoor_recreation,hiking_access,NOT_APPLICABLE,LIMITED,IN_DESTINATION,Hiking,Existing PLACES trail row (Sharon Rose Wiechens Preserve) and Wikipedia-confirmed Fenney Springs Nature Trail are boardwalk/nature-preserve walks rather than rugged hiking terrain.,"Batch #1 workbook (existing, untouched v3.2)",,,MEDIUM,YES,YES,Existing PLACES evidence plus Wikipedia corroboration.
lf_the_villages_fl_us_trail_access,the-villages-fl-us,outdoor_recreation,trail_access,NOT_APPLICABLE,STRONG,IN_DESTINATION,Walking / multi-use trails,"The community documents 'numerous parks, dog parks, and fitness trails' plus the named Fenney Springs Nature Trail.",Wikipedia,"https://en.wikipedia.org/wiki/The_Villages,_Florida",2026-08-27,MEDIUM,YES,YES,
lf_the_villages_fl_us_road_cycling_access,the-villages-fl-us,outdoor_recreation,road_cycling_access,NOT_APPLICABLE,UNKNOWN,NOT_APPLICABLE,Road cycling,"Golf carts, not bicycles, dominate documented internal transportation; no dedicated road-cycling infrastructure was confirmed.",,,,LOW,NO,YES,
lf_the_villages_fl_us_mountain_biking_access,the-villages-fl-us,outdoor_recreation,mountain_biking_access,NOT_APPLICABLE,UNKNOWN,NOT_APPLICABLE,Mountain biking,No mountain-biking trail system identified in this research pass.,,,,LOW,NO,YES,
lf_the_villages_fl_us_hunting_access,the-villages-fl-us,outdoor_recreation,hunting_access,NOT_APPLICABLE,UNKNOWN,NOT_APPLICABLE,Recreational hunting access (general/regional only),No destination-specific confirmation sought or found.,,,,LOW,NO,YES,
lf_the_villages_fl_us_parks_open_space_access,the-villages-fl-us,outdoor_recreation,parks_open_space_access,NOT_APPLICABLE,STRONG,IN_DESTINATION,Parks & open space,"Numerous parks, four named dog parks, and over 100 recreation centers are documented.",Wikipedia,"https://en.wikipedia.org/wiki/The_Villages,_Florida",2026-08-27,MEDIUM,YES,YES,
lf_the_villages_fl_us_arts_culture_strength,the-villages-fl-us,culture_and_daily_life,arts_culture_strength,NOT_APPLICABLE,MODERATE,NOT_APPLICABLE,Arts & culture strength,"Sharon L. Morse Performing Arts Center (1,000+ seats) and Studio Tierra Del Sol black-box theatre are both documented, alongside existing PLACES live_music entries.",Wikipedia,"https://en.wikipedia.org/wiki/The_Villages,_Florida",2026-08-27,MEDIUM,YES,YES,
lf_the_villages_fl_us_dining_strength,the-villages-fl-us,culture_and_daily_life,dining_strength,NOT_APPLICABLE,MODERATE,NOT_APPLICABLE,Dining,Existing PLACES restaurant/bakery/coffee_shop rows plus five commercial town-center districts with dining.,"Batch #1 workbook (existing, untouched v3.2)",,,HIGH,YES,YES,Existing PLACES evidence.
lf_the_villages_fl_us_farmers_market_access,the-villages-fl-us,culture_and_daily_life,farmers_market_access,NOT_APPLICABLE,UNKNOWN,NOT_APPLICABLE,Farmers markets,No farmers_market PLACES row currently exists for this destination; not independently researched this phase per scope.,,,,LOW,NO,YES,
lf_sofia_bg_settlement_type,sofia-bg,community_form,settlement_type,MAJOR_URBAN_CORE,NOT_APPLICABLE,NOT_APPLICABLE,Community type,"Population 1,299,872; national capital; city_type 'European capital city'.","Batch #1 workbook (existing, untouched v3.2)",,,HIGH,YES,YES,PRIMARY
lf_sofia_bg_suburban_character,sofia-bg,community_form,suburban_character,NOT_APPLICABLE,NONE,NOT_APPLICABLE,Suburban character,"A dense national-capital urban core, not a suburban-form district.",Wikipedia,https://en.wikipedia.org/wiki/Sofia,2026-08-27,MEDIUM,YES,YES,
lf_sofia_bg_resort_orientation,sofia-bg,community_form,resort_orientation,NOT_APPLICABLE,NONE,NOT_APPLICABLE,Resort orientation,"Sofia is documented as Bulgaria's economic hub (services, IT, manufacturing), not a resort/tourism-led economy.",Wikipedia,https://en.wikipedia.org/wiki/Sofia,2026-08-27,MEDIUM,YES,YES,
lf_sofia_bg_retirement_orientation,sofia-bg,community_form,retirement_orientation,NOT_APPLICABLE,UNKNOWN,NOT_APPLICABLE,Retirement-community character,No official retirement-specific recognition or data found in this research pass.,,,,LOW,NO,YES,
lf_sofia_bg_college_town_character,sofia-bg,community_form,college_town_character,NOT_APPLICABLE,MODERATE,NOT_APPLICABLE,College-town character,"Hosts 23 of Bulgaria's 51 higher-education institutions and more than 105,000 university students, though this is secondary to Sofia's primary identity as the national capital.",Wikipedia,https://en.wikipedia.org/wiki/Sofia,2026-08-27,MEDIUM,YES,YES,
lf_sofia_bg_master_planned_or_gated_character,sofia-bg,community_form,master_planned_or_gated_character,NOT_APPLICABLE,UNKNOWN,NOT_APPLICABLE,Master-planned / gated community presence,No evidence found either way this pass.,,,,LOW,NO,YES,
lf_sofia_bg_community_energy,sofia-bg,community_form,community_energy,BALANCED,NOT_APPLICABLE,NOT_APPLICABLE,Everyday atmosphere,A pedestrianized central shopping/cafe boulevard (Vitosha Boulevard) and an extensive performing-arts/museum scene coexist with a conventional capital-city daily pace; no extreme quiet or nightlife-first characterization was found.,Wikipedia,https://en.wikipedia.org/wiki/Sofia,2026-08-27,MEDIUM,YES,YES,
lf_sofia_bg_tourism_seasonality,sofia-bg,community_form,tourism_seasonality,UNKNOWN,NOT_APPLICABLE,NOT_APPLICABLE,Tourist-season variability,No visitor-seasonality data specific to Sofia (as opposed to Bulgaria's coastal/mountain resorts) was found in this research pass.,,,,LOW,NO,YES,
lf_sofia_bg_coastal_setting,sofia-bg,natural_setting,coastal_setting,NOT_APPLICABLE,NONE,NOT_APPLICABLE,Coastal setting,"Sofia is an inland capital in the Sofia Valley at the foot of Vitosha mountain, surrounded by mountains on all sides; no coastal frontage.",Wikipedia,https://en.wikipedia.org/wiki/Sofia,2026-08-27,MEDIUM,YES,YES,
lf_sofia_bg_beach_access,sofia-bg,natural_setting,beach_access,NONE,NOT_APPLICABLE,NONE,Beach access,Mirrors existing DESTINATIONS.beach_access = NONE.,DESTINATIONS.beach_access (existing authoritative field),,,HIGH,NO,YES,"Mirrored value, not independently researched."
lf_sofia_bg_mountain_access,sofia-bg,natural_setting,mountain_access,SKI_RESORT_ACCESS,NOT_APPLICABLE,IN_DESTINATION,Mountain access,Mirrors existing DESTINATIONS.mountain_or_ski_access = SKI_RESORT_ACCESS.,DESTINATIONS.mountain_or_ski_access (existing authoritative field),,,HIGH,NO,YES,"Mirrored value, not independently researched. See skiing_snowboarding_access for an important operational nuance found this pass."
lf_sofia_bg_lake_access,sofia-bg,natural_setting,lake_access,NOT_APPLICABLE,LIMITED,NOT_APPLICABLE,Lake access,"Wikipedia notes 'artificial and dam lakes were built in the twentieth century' in the Sofia area, but no specific named lake or its access details were confirmed.",Wikipedia,https://en.wikipedia.org/wiki/Sofia,2026-08-27,MEDIUM,YES,YES,
lf_sofia_bg_river_access,sofia-bg,natural_setting,river_access,NOT_APPLICABLE,STRONG,IN_DESTINATION,River access,"Several shallow rivers cross the city itself (Boyanska, Vladayska, Perlovska) and the Iskar River's upper course flows near eastern Sofia.",Wikipedia,https://en.wikipedia.org/wiki/Sofia,2026-08-27,MEDIUM,YES,YES,
lf_sofia_bg_forest_access,sofia-bg,natural_setting,forest_access,NOT_APPLICABLE,STRONG,IN_DESTINATION,Forest / woodland access,"Vitosha Nature Park (the oldest national park in the Balkans, established 1934) directly borders the city and includes extensive spruce/fir/beech forest.",Wikipedia,https://en.wikipedia.org/wiki/Vitosha,2026-08-27,MEDIUM,YES,YES,
lf_sofia_bg_desert_setting,sofia-bg,natural_setting,desert_setting,NOT_APPLICABLE,NONE,NOT_APPLICABLE,Desert setting,Humid continental climate (Koppen Dfb); no arid/desert biome.,Wikipedia,https://en.wikipedia.org/wiki/Sofia,2026-08-27,MEDIUM,YES,YES,
lf_sofia_bg_countryside_access,sofia-bg,natural_setting,countryside_access,NOT_APPLICABLE,MODERATE,WITHIN_30_MIN,Countryside access,Surrounded by the more rural Sofia Province beyond the Sofia City Province boundary.,Wikipedia,https://en.wikipedia.org/wiki/Sofia,2026-08-27,MEDIUM,YES,YES,
lf_sofia_bg_snow_access,sofia-bg,natural_setting,snow_access,NOT_APPLICABLE,STRONG,NOT_APPLICABLE,Snow / winter-scenery access,Official climate-normal data cited by Wikipedia shows an average of 98cm of annual snowfall and 56 days of snow cover per year.,Wikipedia,https://en.wikipedia.org/wiki/Sofia,2026-08-27,MEDIUM,YES,YES,
lf_sofia_bg_marina_access,sofia-bg,water_and_boating,marina_access,NOT_APPLICABLE,NONE,NOT_APPLICABLE,Marina access,Inland capital with no coast and no lake/river large enough documented to support a marina.,Wikipedia,https://en.wikipedia.org/wiki/Sofia,2026-08-27,MEDIUM,YES,YES,
lf_sofia_bg_boat_launch_access,sofia-bg,water_and_boating,boat_launch_access,NOT_APPLICABLE,UNKNOWN,NOT_APPLICABLE,Boat ramp / launch access,No boat ramp identified in this research pass.,,,,LOW,NO,YES,
lf_sofia_bg_slip_or_mooring_access,sofia-bg,water_and_boating,slip_or_mooring_access,NOT_APPLICABLE,NOT_APPLICABLE,NOT_APPLICABLE,Boat slip / mooring availability,No marina exists at the destination (see marina_access).,Derived from this evidence set's marina_access finding,,,MEDIUM,YES,YES,
lf_sofia_bg_powerboating_access,sofia-bg,water_and_boating,powerboating_access,NOT_APPLICABLE,UNKNOWN,NOT_APPLICABLE,Powerboating,No powerboating operator/infrastructure identified in this research pass.,,,,LOW,NO,YES,
lf_sofia_bg_sailing_access,sofia-bg,water_and_boating,sailing_access,NOT_APPLICABLE,UNKNOWN,NOT_APPLICABLE,Sailing,No sailing club/operator identified in this research pass.,,,,LOW,NO,YES,
lf_sofia_bg_fishing_access,sofia-bg,water_and_boating,fishing_access,NOT_APPLICABLE,UNKNOWN,NOT_APPLICABLE,Fishing access,"No fishing access point confirmed this pass, though the city's rivers make it plausible.",,,,LOW,NO,YES,
lf_sofia_bg_kayaking_access,sofia-bg,water_and_boating,kayaking_access,NOT_APPLICABLE,UNKNOWN,NOT_APPLICABLE,Kayaking,No kayaking outfitter/route identified in this research pass.,,,,LOW,NO,YES,
lf_sofia_bg_paddleboarding_access,sofia-bg,water_and_boating,paddleboarding_access,NOT_APPLICABLE,UNKNOWN,NOT_APPLICABLE,Paddleboarding,No paddleboarding outfitter identified in this research pass.,,,,LOW,NO,YES,
lf_sofia_bg_swimming_access,sofia-bg,water_and_boating,swimming_access,NOT_APPLICABLE,LIMITED,NOT_APPLICABLE,Swimming access,"More than fifteen swimming complexes are documented, most outdoor, but these are constructed competition-pool facilities rather than confirmed natural swimming.",Wikipedia,https://en.wikipedia.org/wiki/Sofia,2026-08-27,MEDIUM,YES,YES,Distinguish constructed pools (confirmed) from natural-water swimming (not confirmed).
lf_sofia_bg_surfing_access,sofia-bg,water_and_boating,surfing_access,NOT_APPLICABLE,NONE,NOT_APPLICABLE,Surfing,Inland capital with no coastal frontage.,Wikipedia,https://en.wikipedia.org/wiki/Sofia,2026-08-27,MEDIUM,YES,YES,
lf_sofia_bg_scuba_snorkeling_access,sofia-bg,water_and_boating,scuba_snorkeling_access,NOT_APPLICABLE,UNKNOWN,NOT_APPLICABLE,Scuba diving / snorkeling,No dive/snorkel site confirmed in this research pass.,,,,LOW,NO,YES,
lf_sofia_bg_golf_access,sofia-bg,outdoor_recreation,golf_access,NOT_APPLICABLE,LIMITED,WITHIN_60_MIN,Golf access,"Two golf courses are documented just east of Sofia, in the nearby towns of Elin Pelin (St Sofia club) and Ihtiman (Air Sofia club) - both outside the city proper.",Wikipedia,https://en.wikipedia.org/wiki/Sofia,2026-08-27,MEDIUM,YES,YES,
lf_sofia_bg_pickleball_access,sofia-bg,outdoor_recreation,pickleball_access,NOT_APPLICABLE,UNKNOWN,NOT_APPLICABLE,Pickleball,No evidence found either way.,,,,LOW,NO,NO,
lf_sofia_bg_tennis_access,sofia-bg,outdoor_recreation,tennis_access,NOT_APPLICABLE,MODERATE,IN_DESTINATION,Tennis,About ten tennis-court complexes are documented within the city.,Wikipedia,https://en.wikipedia.org/wiki/Sofia,2026-08-27,MEDIUM,YES,YES,
lf_sofia_bg_skiing_snowboarding_access,sofia-bg,outdoor_recreation,skiing_snowboarding_access,NOT_APPLICABLE,LIMITED,WITHIN_30_MIN,Skiing / snowboarding,"Vitosha mountain has historical ski infrastructure (multiple slopes built in the 1970s-80s), but Wikipedia documents that due to a dispute between the private operator and the municipality, 'most of the ski areas have been left to decay' and only one chairlift and one slope currently operate.",Wikipedia,https://en.wikipedia.org/wiki/Sofia,2026-08-27,MEDIUM,YES,YES,Important nuance: this refines but does not contradict the mirrored SKI_RESORT_ACCESS field - current operating capacity is limited.
lf_sofia_bg_hiking_access,sofia-bg,outdoor_recreation,hiking_access,NOT_APPLICABLE,STRONG,WITHIN_30_MIN,Hiking,"Vitosha Nature Park is described as a popular hiking destination with easy access via car, public transport, and two cable cars from the city outskirts.",Wikipedia,https://en.wikipedia.org/wiki/Vitosha,2026-08-27,MEDIUM,YES,YES,
lf_sofia_bg_trail_access,sofia-bg,outdoor_recreation,trail_access,NOT_APPLICABLE,MODERATE,IN_DESTINATION,Walking / multi-use trails,Existing PLACES trail row (Vitosha Nature Park) plus Borisova Gradina and South Park walking areas.,"Batch #1 workbook (existing, untouched v3.2)",,,HIGH,YES,YES,Existing PLACES evidence.
lf_sofia_bg_road_cycling_access,sofia-bg,outdoor_recreation,road_cycling_access,NOT_APPLICABLE,UNKNOWN,NOT_APPLICABLE,Road cycling,No confirmed cycling route this pass.,,,,LOW,NO,YES,
lf_sofia_bg_mountain_biking_access,sofia-bg,outdoor_recreation,mountain_biking_access,NOT_APPLICABLE,UNKNOWN,NOT_APPLICABLE,Mountain biking,No evidence found either way.,,,,LOW,NO,NO,
lf_sofia_bg_hunting_access,sofia-bg,outdoor_recreation,hunting_access,NOT_APPLICABLE,UNKNOWN,NOT_APPLICABLE,Recreational hunting access (general/regional only),No destination-specific confirmation sought or found.,,,,LOW,NO,YES,
lf_sofia_bg_parks_open_space_access,sofia-bg,outdoor_recreation,parks_open_space_access,NOT_APPLICABLE,STRONG,IN_DESTINATION,Parks & open space,"Four principal parks (Borisova gradina, South, Western, Northern) plus several smaller central parks and the adjoining Vitosha Nature Park.",Wikipedia,https://en.wikipedia.org/wiki/Sofia,2026-08-27,MEDIUM,YES,YES,
lf_sofia_bg_arts_culture_strength,sofia-bg,culture_and_daily_life,arts_culture_strength,NOT_APPLICABLE,STRONG,NOT_APPLICABLE,Arts & culture strength,"National Gallery (merging the National Art Gallery, National Gallery for Foreign Art and Museum of Contemporary Art), National Archaeological Museum, Ivan Vazov National Theatre, and National Opera and Ballet are all documented, alongside existing PLACES museum rows.",Wikipedia,https://en.wikipedia.org/wiki/Sofia,2026-08-27,MEDIUM,YES,YES,
lf_sofia_bg_dining_strength,sofia-bg,culture_and_daily_life,dining_strength,NOT_APPLICABLE,MODERATE,NOT_APPLICABLE,Dining,Existing PLACES restaurant/bakery/coffee_shop rows plus Vitosha Boulevard's documented cafe/restaurant corridor.,"Batch #1 workbook (existing, untouched v3.2)",,,HIGH,YES,YES,Existing PLACES evidence.
lf_sofia_bg_farmers_market_access,sofia-bg,culture_and_daily_life,farmers_market_access,NOT_APPLICABLE,UNKNOWN,NOT_APPLICABLE,Farmers markets,No farmers_market PLACES row currently exists for this destination; not independently researched this phase.,,,,LOW,NO,YES,
lf_puerto_vallarta_mx_settlement_type,puerto-vallarta-mx,community_form,settlement_type,RESORT_COMMUNITY,NOT_APPLICABLE,NOT_APPLICABLE,Community type,city_type 'Coastal resort city'; tourism makes up roughly 80% of the city's economic activity per Wikipedia.,"Batch #1 workbook (existing, untouched v3.2)",,,HIGH,YES,YES,PRIMARY
lf_puerto_vallarta_mx_settlement_type_2,puerto-vallarta-mx,community_form,settlement_type,MID_SIZE_CITY,NOT_APPLICABLE,NOT_APPLICABLE,Community type,"Population 224,166 in the city proper (291,839 in the full municipality, per the 2020 census).",Wikipedia,https://en.wikipedia.org/wiki/Puerto_Vallarta,2026-08-27,MEDIUM,YES,YES,SECONDARY
lf_puerto_vallarta_mx_suburban_character,puerto-vallarta-mx,community_form,suburban_character,NOT_APPLICABLE,NONE,NOT_APPLICABLE,Suburban character,"A standalone coastal resort city, not a suburb of a larger metropolitan area.",Wikipedia,https://en.wikipedia.org/wiki/Puerto_Vallarta,2026-08-27,MEDIUM,YES,YES,
lf_puerto_vallarta_mx_resort_orientation,puerto-vallarta-mx,community_form,resort_orientation,NOT_APPLICABLE,STRONG,NOT_APPLICABLE,Resort orientation,"Tourism makes up approximately 80% of the city's economic activity as of 2020, with nearly 80% of the workforce employed in tourism-related industries.",Wikipedia,https://en.wikipedia.org/wiki/Puerto_Vallarta,2026-08-27,MEDIUM,YES,YES,
lf_puerto_vallarta_mx_retirement_orientation,puerto-vallarta-mx,community_form,retirement_orientation,NOT_APPLICABLE,MODERATE,NOT_APPLICABLE,Retirement-community character,"Documented as 'a popular retirement destination for U.S. and Canadian retirees,' with dedicated real-estate-tourism neighborhoods and roughly 40% of real-estate buyers being American.",Wikipedia,https://en.wikipedia.org/wiki/Puerto_Vallarta,2026-08-27,MEDIUM,YES,YES,
lf_puerto_vallarta_mx_college_town_character,puerto-vallarta-mx,community_form,college_town_character,NOT_APPLICABLE,NONE,NOT_APPLICABLE,College-town character,No university presence identified.,Wikipedia,https://en.wikipedia.org/wiki/Puerto_Vallarta,2026-08-27,MEDIUM,YES,YES,
lf_puerto_vallarta_mx_master_planned_or_gated_character,puerto-vallarta-mx,community_form,master_planned_or_gated_character,NOT_APPLICABLE,MODERATE,NOT_APPLICABLE,Master-planned / gated community presence,"Marina Vallarta is documented as 'a large planned real estate tourism development near the airport with a marina, golf course, hotels, timeshare resorts and residential areas'.",Wikipedia,https://en.wikipedia.org/wiki/Puerto_Vallarta,2026-08-27,MEDIUM,YES,YES,
lf_puerto_vallarta_mx_community_energy,puerto-vallarta-mx,community_form,community_energy,ENERGETIC,NOT_APPLICABLE,NOT_APPLICABLE,Everyday atmosphere,"An extensive documented nightlife/gay-tourism scene centered in Zona Romantica, a year-round festival calendar, and a lively Malecon promenade.",Wikipedia,https://en.wikipedia.org/wiki/Puerto_Vallarta,2026-08-27,MEDIUM,YES,YES,
lf_puerto_vallarta_mx_tourism_seasonality,puerto-vallarta-mx,community_form,tourism_seasonality,HIGH_SEASONALITY,NOT_APPLICABLE,NOT_APPLICABLE,Tourist-season variability,"The high season for international tourism runs from late November through March (or later, depending on U.S. college spring break timing).",Wikipedia,https://en.wikipedia.org/wiki/Puerto_Vallarta,2026-08-27,MEDIUM,YES,YES,
lf_puerto_vallarta_mx_coastal_setting,puerto-vallarta-mx,natural_setting,coastal_setting,NOT_APPLICABLE,STRONG,IN_DESTINATION,Coastal setting,A Mexican resort city on Bahia de Banderas of the Pacific coast.,Wikipedia,https://en.wikipedia.org/wiki/Puerto_Vallarta,2026-08-27,MEDIUM,YES,YES,
lf_puerto_vallarta_mx_beach_access,puerto-vallarta-mx,natural_setting,beach_access,DIRECT_ACCESS,NOT_APPLICABLE,IN_DESTINATION,Beach access,Mirrors existing DESTINATIONS.beach_access = DIRECT_ACCESS.,DESTINATIONS.beach_access (existing authoritative field),,,HIGH,NO,YES,"Mirrored value, not independently researched."
lf_puerto_vallarta_mx_mountain_access,puerto-vallarta-mx,natural_setting,mountain_access,MOUNTAIN_SCENIC_ONLY,NOT_APPLICABLE,WITHIN_30_MIN,Mountain access,Mirrors existing DESTINATIONS.mountain_or_ski_access = MOUNTAIN_SCENIC_ONLY.,DESTINATIONS.mountain_or_ski_access (existing authoritative field),,,HIGH,NO,YES,"Mirrored value, not independently researched."
lf_puerto_vallarta_mx_lake_access,puerto-vallarta-mx,natural_setting,lake_access,NOT_APPLICABLE,UNKNOWN,NOT_APPLICABLE,Lake access,"No named lake identified; Isla Cuale is a river island, not a lake.",,,,LOW,NO,YES,
lf_puerto_vallarta_mx_river_access,puerto-vallarta-mx,natural_setting,river_access,NOT_APPLICABLE,STRONG,IN_DESTINATION,River access,"Three rivers (Cuale, Pitillal, Ameca) flow through the city area; the Rio Cuale forms Isla Cuale in the city center, and river swimming is documented at the Vallarta Botanical Gardens.",Wikipedia,https://en.wikipedia.org/wiki/Puerto_Vallarta,2026-08-27,MEDIUM,YES,YES,
lf_puerto_vallarta_mx_forest_access,puerto-vallarta-mx,natural_setting,forest_access,NOT_APPLICABLE,MODERATE,WITHIN_30_MIN,Forest / woodland access,The city lies at the foot of the Sierra Cuale and San Sebastian ranges (Sierra Madre Occidental); Terra Noble sits along the edge of the Agua Azul Nature Reserve.,Wikipedia,https://en.wikipedia.org/wiki/Puerto_Vallarta,2026-08-27,MEDIUM,YES,YES,
lf_puerto_vallarta_mx_desert_setting,puerto-vallarta-mx,natural_setting,desert_setting,NOT_APPLICABLE,NONE,NOT_APPLICABLE,Desert setting,Tropical wet-and-dry (Koppen Aw) climate; no arid/desert biome.,Wikipedia,https://en.wikipedia.org/wiki/Puerto_Vallarta,2026-08-27,MEDIUM,YES,YES,
lf_puerto_vallarta_mx_countryside_access,puerto-vallarta-mx,natural_setting,countryside_access,NOT_APPLICABLE,MODERATE,WITHIN_60_MIN,Countryside access,Bordered by the more rural municipalities of Mascota and San Sebastian del Oeste to the east.,Wikipedia,https://en.wikipedia.org/wiki/Puerto_Vallarta,2026-08-27,MEDIUM,YES,YES,
lf_puerto_vallarta_mx_snow_access,puerto-vallarta-mx,natural_setting,snow_access,NOT_APPLICABLE,NONE,NOT_APPLICABLE,Snow / winter-scenery access,Tropical Pacific coastal climate; snow is climatologically implausible.,Wikipedia,https://en.wikipedia.org/wiki/Puerto_Vallarta,2026-08-27,MEDIUM,YES,YES,
lf_puerto_vallarta_mx_marina_access,puerto-vallarta-mx,water_and_boating,marina_access,NOT_APPLICABLE,STRONG,IN_DESTINATION,Marina access,"Marina Vallarta is explicitly documented as a large planned development built around a real marina, near the airport.",Wikipedia,https://en.wikipedia.org/wiki/Puerto_Vallarta,2026-08-27,MEDIUM,YES,YES,
lf_puerto_vallarta_mx_boat_launch_access,puerto-vallarta-mx,water_and_boating,boat_launch_access,NOT_APPLICABLE,UNKNOWN,NOT_APPLICABLE,Boat ramp / launch access,No public boat ramp distinct from the Marina Vallarta marina was specifically confirmed this pass.,,,,LOW,NO,YES,
lf_puerto_vallarta_mx_slip_or_mooring_access,puerto-vallarta-mx,water_and_boating,slip_or_mooring_access,NOT_APPLICABLE,LIMITED,IN_DESTINATION,Boat slip / mooring availability,Inferred from Marina Vallarta's documented existence as a real marina development; specific slip counts/rates were not confirmed.,Wikipedia,https://en.wikipedia.org/wiki/Puerto_Vallarta,2026-08-27,MEDIUM,YES,YES,
lf_puerto_vallarta_mx_powerboating_access,puerto-vallarta-mx,water_and_boating,powerboating_access,NOT_APPLICABLE,MODERATE,IN_DESTINATION,Powerboating,"Marina Vallarta plus the documented Los Arcos boat-accessible marine park support powerboat access, though a specific tour operator was not itemized this pass.",Wikipedia,https://en.wikipedia.org/wiki/Puerto_Vallarta,2026-08-27,MEDIUM,YES,YES,
lf_puerto_vallarta_mx_sailing_access,puerto-vallarta-mx,water_and_boating,sailing_access,NOT_APPLICABLE,UNKNOWN,NOT_APPLICABLE,Sailing,No sailing club/operator specifically confirmed this pass.,,,,LOW,NO,YES,
lf_puerto_vallarta_mx_fishing_access,puerto-vallarta-mx,water_and_boating,fishing_access,NOT_APPLICABLE,UNKNOWN,NOT_APPLICABLE,Fishing access,No fishing access point or charter operator specifically confirmed this pass.,,,,LOW,NO,YES,
lf_puerto_vallarta_mx_kayaking_access,puerto-vallarta-mx,water_and_boating,kayaking_access,NOT_APPLICABLE,UNKNOWN,NOT_APPLICABLE,Kayaking,No kayaking outfitter confirmed this pass.,,,,LOW,NO,YES,
lf_puerto_vallarta_mx_paddleboarding_access,puerto-vallarta-mx,water_and_boating,paddleboarding_access,NOT_APPLICABLE,UNKNOWN,NOT_APPLICABLE,Paddleboarding,No paddleboarding outfitter confirmed this pass.,,,,LOW,NO,YES,
lf_puerto_vallarta_mx_swimming_access,puerto-vallarta-mx,water_and_boating,swimming_access,NOT_APPLICABLE,STRONG,IN_DESTINATION,Swimming access,"Playa Olas Altas is documented as 'a popular place to swim, especially for locals and national tourists'; river swimming is also available at the Vallarta Botanical Gardens.",Wikipedia,https://en.wikipedia.org/wiki/Puerto_Vallarta,2026-08-27,MEDIUM,YES,YES,
lf_puerto_vallarta_mx_surfing_access,puerto-vallarta-mx,water_and_boating,surfing_access,NOT_APPLICABLE,UNKNOWN,NOT_APPLICABLE,Surfing,No surf break/school specifically confirmed this pass.,,,,LOW,NO,YES,
lf_puerto_vallarta_mx_scuba_snorkeling_access,puerto-vallarta-mx,water_and_boating,scuba_snorkeling_access,NOT_APPLICABLE,MODERATE,WITHIN_30_MIN,Scuba diving / snorkeling,"Los Arcos National Marine Park, protected since 1984 and located 12km south of the city off Mismaloya, is documented as 'a popular snorkeling destination'.",Wikipedia,https://en.wikipedia.org/wiki/Puerto_Vallarta,2026-08-27,MEDIUM,YES,YES,
lf_puerto_vallarta_mx_golf_access,puerto-vallarta-mx,outdoor_recreation,golf_access,NOT_APPLICABLE,STRONG,IN_DESTINATION,Golf access,"Existing PLACES golf rows (Marina Vallarta Club de Golf, Vista Vallarta Club de Golf) corroborated directly by Wikipedia's Marina Vallarta description.","Batch #1 workbook (existing, untouched v3.2)",,,HIGH,YES,YES,"Existing PLACES evidence, corroborated."
lf_puerto_vallarta_mx_pickleball_access,puerto-vallarta-mx,outdoor_recreation,pickleball_access,NOT_APPLICABLE,UNKNOWN,NOT_APPLICABLE,Pickleball,No evidence found either way.,,,,LOW,NO,NO,
lf_puerto_vallarta_mx_tennis_access,puerto-vallarta-mx,outdoor_recreation,tennis_access,NOT_APPLICABLE,UNKNOWN,NOT_APPLICABLE,Tennis,No evidence found either way.,,,,LOW,NO,NO,
lf_puerto_vallarta_mx_skiing_snowboarding_access,puerto-vallarta-mx,outdoor_recreation,skiing_snowboarding_access,NOT_APPLICABLE,NONE,NOT_APPLICABLE,Skiing / snowboarding,Tropical coastal climate; no ski facility exists or is climatically feasible.,Wikipedia,https://en.wikipedia.org/wiki/Puerto_Vallarta,2026-08-27,MEDIUM,YES,YES,
lf_puerto_vallarta_mx_hiking_access,puerto-vallarta-mx,outdoor_recreation,hiking_access,NOT_APPLICABLE,UNKNOWN,NOT_APPLICABLE,Hiking,Sierra Madre foothill hiking is plausible but was not specifically confirmed this pass.,,,,LOW,NO,YES,
lf_puerto_vallarta_mx_trail_access,puerto-vallarta-mx,outdoor_recreation,trail_access,NOT_APPLICABLE,UNKNOWN,NOT_APPLICABLE,Walking / multi-use trails,No dedicated walking/multi-use trail confirmed this pass.,,,,LOW,NO,YES,
lf_puerto_vallarta_mx_road_cycling_access,puerto-vallarta-mx,outdoor_recreation,road_cycling_access,NOT_APPLICABLE,UNKNOWN,NOT_APPLICABLE,Road cycling,No confirmed cycling route this pass.,,,,LOW,NO,YES,
lf_puerto_vallarta_mx_mountain_biking_access,puerto-vallarta-mx,outdoor_recreation,mountain_biking_access,NOT_APPLICABLE,UNKNOWN,NOT_APPLICABLE,Mountain biking,No evidence found either way.,,,,LOW,NO,NO,
lf_puerto_vallarta_mx_hunting_access,puerto-vallarta-mx,outdoor_recreation,hunting_access,NOT_APPLICABLE,UNKNOWN,NOT_APPLICABLE,Recreational hunting access (general/regional only),No destination-specific confirmation sought or found.,,,,LOW,NO,YES,
lf_puerto_vallarta_mx_parks_open_space_access,puerto-vallarta-mx,outdoor_recreation,parks_open_space_access,NOT_APPLICABLE,STRONG,IN_DESTINATION,Parks & open space,"Existing PLACES park rows (Isla Cuale, Vallarta Botanical Garden).","Batch #1 workbook (existing, untouched v3.2)",,,HIGH,YES,YES,Existing PLACES evidence.
lf_puerto_vallarta_mx_arts_culture_strength,puerto-vallarta-mx,culture_and_daily_life,arts_culture_strength,NOT_APPLICABLE,MODERATE,NOT_APPLICABLE,Arts & culture strength,Existing PLACES museum/attraction rows plus documented public art along the Malecon.,"Batch #1 workbook (existing, untouched v3.2)",,,HIGH,YES,YES,Existing PLACES evidence.
lf_puerto_vallarta_mx_dining_strength,puerto-vallarta-mx,culture_and_daily_life,dining_strength,NOT_APPLICABLE,MODERATE,NOT_APPLICABLE,Dining,Existing PLACES restaurant/coffee_shop rows.,"Batch #1 workbook (existing, untouched v3.2)",,,HIGH,YES,YES,Existing PLACES evidence.
lf_puerto_vallarta_mx_nightlife_strength,puerto-vallarta-mx,culture_and_daily_life,nightlife_strength,NOT_APPLICABLE,STRONG,NOT_APPLICABLE,Nightlife,"An extensively documented nightlife/gay-tourism scene centered in Zona Romantica, with bars, nightclubs and an annual Pride celebration.",Wikipedia,https://en.wikipedia.org/wiki/Puerto_Vallarta,2026-08-27,MEDIUM,YES,YES,
lf_hoi_an_vn_settlement_type,hoi-an-vn,community_form,settlement_type,SMALL_CITY,NOT_APPLICABLE,NOT_APPLICABLE,Community type,"Population 98,599 per existing workbook; city_type 'Historic coastal city'. Note: a 2018 Wikipedia figure for the (larger, pre-2025 administrative) city proper cites 152,160 - likely a different geographic boundary; the existing workbook's own population field is treated as authoritative here.","Batch #1 workbook (existing, untouched v3.2)",,,HIGH,YES,YES,PRIMARY
lf_hoi_an_vn_suburban_character,hoi-an-vn,community_form,suburban_character,NOT_APPLICABLE,NONE,NOT_APPLICABLE,Suburban character,"A standalone historic port city, not a suburb.",Wikipedia,https://en.wikipedia.org/wiki/H%E1%BB%99i_An_(city),2026-08-27,MEDIUM,YES,YES,
lf_hoi_an_vn_resort_orientation,hoi-an-vn,community_form,resort_orientation,NOT_APPLICABLE,STRONG,NOT_APPLICABLE,Resort orientation,"A major UNESCO World Heritage tourist destination; 'many bars, hotels, and resorts have been constructed both in Hoi An and the surrounding area.'",Wikipedia,https://en.wikipedia.org/wiki/H%E1%BB%99i_An_(city),2026-08-27,MEDIUM,YES,YES,
lf_hoi_an_vn_retirement_orientation,hoi-an-vn,community_form,retirement_orientation,NOT_APPLICABLE,UNKNOWN,NOT_APPLICABLE,Retirement-community character,No evidence found either way.,,,,LOW,NO,NO,
lf_hoi_an_vn_college_town_character,hoi-an-vn,community_form,college_town_character,NOT_APPLICABLE,NONE,NOT_APPLICABLE,College-town character,No university presence identified.,Wikipedia,https://en.wikipedia.org/wiki/H%E1%BB%99i_An_(city),2026-08-27,MEDIUM,YES,YES,
lf_hoi_an_vn_master_planned_or_gated_character,hoi-an-vn,community_form,master_planned_or_gated_character,NOT_APPLICABLE,NONE,NOT_APPLICABLE,Master-planned / gated community presence,An organically-grown historic trading port preserved largely by economic stagnation rather than modern master planning.,Wikipedia,https://en.wikipedia.org/wiki/H%E1%BB%99i_An_(city),2026-08-27,MEDIUM,YES,YES,
lf_hoi_an_vn_community_energy,hoi-an-vn,community_form,community_energy,BALANCED,NOT_APPLICABLE,NOT_APPLICABLE,Everyday atmosphere,"A monthly Full Moon Lantern Festival deliberately turns off electric lighting for a quiet, pedestrian-only atmosphere, while the old quarter otherwise hosts an active tourist nightlife and dining scene.",Wikipedia,https://en.wikipedia.org/wiki/H%E1%BB%99i_An_(city),2026-08-27,MEDIUM,YES,YES,
lf_hoi_an_vn_tourism_seasonality,hoi-an-vn,community_form,tourism_seasonality,HIGH_SEASONALITY,NOT_APPLICABLE,NOT_APPLICABLE,Tourist-season variability,The rainy season (September-January) brings heavy rain that 'can cause floods and affect tourism'.,Wikipedia,https://en.wikipedia.org/wiki/H%E1%BB%99i_An_(city),2026-08-27,MEDIUM,YES,YES,
lf_hoi_an_vn_coastal_setting,hoi-an-vn,natural_setting,coastal_setting,NOT_APPLICABLE,STRONG,IN_DESTINATION,Coastal setting,A South China Sea coastal town; the Cham Islands lie offshore of the city's coast.,DESTINATIONS.beach_access (existing authoritative field) + Wikipedia,https://en.wikipedia.org/wiki/Ch%C3%A0m_Islands,2026-08-27,HIGH,YES,YES,
lf_hoi_an_vn_beach_access,hoi-an-vn,natural_setting,beach_access,DIRECT_ACCESS,NOT_APPLICABLE,IN_DESTINATION,Beach access,Mirrors existing DESTINATIONS.beach_access = DIRECT_ACCESS.,DESTINATIONS.beach_access (existing authoritative field),,,HIGH,NO,YES,"Mirrored value, not independently researched."
lf_hoi_an_vn_mountain_access,hoi-an-vn,natural_setting,mountain_access,MOUNTAIN_SCENIC_ONLY,NOT_APPLICABLE,WITHIN_60_MIN,Mountain access,Mirrors existing DESTINATIONS.mountain_or_ski_access = MOUNTAIN_SCENIC_ONLY.,DESTINATIONS.mountain_or_ski_access (existing authoritative field),,,HIGH,NO,YES,"Mirrored value, not independently researched."
lf_hoi_an_vn_lake_access,hoi-an-vn,natural_setting,lake_access,NOT_APPLICABLE,UNKNOWN,NOT_APPLICABLE,Lake access,No named lake identified.,,,,LOW,NO,YES,
lf_hoi_an_vn_river_access,hoi-an-vn,natural_setting,river_access,NOT_APPLICABLE,STRONG,IN_DESTINATION,River access,"The town sits directly downstream of the Thu Bon River, with the Hoai River tributary running through the old quarter itself; the river remains 'essential to the region' for food production and transport.",Wikipedia,https://en.wikipedia.org/wiki/H%E1%BB%99i_An_Old_Town,2026-08-27,MEDIUM,YES,YES,
lf_hoi_an_vn_forest_access,hoi-an-vn,natural_setting,forest_access,NOT_APPLICABLE,LIMITED,WITHIN_60_MIN,Forest / woodland access,"The offshore Cham Islands (Cu Lao Cham) are a forested archipelago and UNESCO biosphere reserve; this is a regional, boat-accessible asset rather than an in-town forest.",Wikipedia,https://en.wikipedia.org/wiki/Ch%C3%A0m_Islands,2026-08-27,MEDIUM,YES,YES,
lf_hoi_an_vn_desert_setting,hoi-an-vn,natural_setting,desert_setting,NOT_APPLICABLE,NONE,NOT_APPLICABLE,Desert setting,Tropical monsoon climate (Koppen Am); no arid/desert biome.,Wikipedia,https://en.wikipedia.org/wiki/H%E1%BB%99i_An_(city),2026-08-27,MEDIUM,YES,YES,
lf_hoi_an_vn_countryside_access,hoi-an-vn,natural_setting,countryside_access,NOT_APPLICABLE,MODERATE,WITHIN_30_MIN,Countryside access,Existing PLACES entry for Tra Que Vegetable Village documents a working agricultural village setting near the town.,"Batch #1 workbook (existing, untouched v3.2)",,,MEDIUM,YES,YES,Existing PLACES evidence.
lf_hoi_an_vn_snow_access,hoi-an-vn,natural_setting,snow_access,NOT_APPLICABLE,NONE,NOT_APPLICABLE,Snow / winter-scenery access,Tropical monsoon climate; snow is climatologically implausible.,Wikipedia,https://en.wikipedia.org/wiki/H%E1%BB%99i_An_(city),2026-08-27,MEDIUM,YES,YES,
lf_hoi_an_vn_marina_access,hoi-an-vn,water_and_boating,marina_access,NOT_APPLICABLE,UNKNOWN,NOT_APPLICABLE,Marina access,No formal marina confirmed; boats are documented docking informally along the riverfront.,,,,LOW,NO,YES,
lf_hoi_an_vn_boat_launch_access,hoi-an-vn,water_and_boating,boat_launch_access,NOT_APPLICABLE,UNKNOWN,NOT_APPLICABLE,Boat ramp / launch access,No public boat ramp specifically confirmed this pass.,,,,LOW,NO,YES,
lf_hoi_an_vn_slip_or_mooring_access,hoi-an-vn,water_and_boating,slip_or_mooring_access,NOT_APPLICABLE,UNKNOWN,NOT_APPLICABLE,Boat slip / mooring availability,No marina/mooring facility specifically confirmed this pass.,,,,LOW,NO,YES,
lf_hoi_an_vn_powerboating_access,hoi-an-vn,water_and_boating,powerboating_access,NOT_APPLICABLE,MODERATE,IN_DESTINATION,Powerboating,"Motorboat rides on the Thu Bon River are documented as 'an increasingly common tourist activity,' though Wikipedia itself flags this specific claim with a failed-verification tag.",Wikipedia,https://en.wikipedia.org/wiki/H%E1%BB%99i_An_(city),2026-08-27,MEDIUM,YES,YES,Source citation itself is flagged [failed verification] in Wikipedia; confidence held at MEDIUM rather than HIGH for this reason.
lf_hoi_an_vn_sailing_access,hoi-an-vn,water_and_boating,sailing_access,NOT_APPLICABLE,UNKNOWN,NOT_APPLICABLE,Sailing,No sailing club/operator identified in this research pass.,,,,LOW,NO,YES,
lf_hoi_an_vn_fishing_access,hoi-an-vn,water_and_boating,fishing_access,NOT_APPLICABLE,STRONG,IN_DESTINATION,Fishing access,"Active fishing villages are documented, including Whale God (Ong Ca) worship by fishing communities, dragon-boat/canoe racing festivals held praying for 'abundant catches,' and the port mouth still used for fishing today.",Wikipedia,https://en.wikipedia.org/wiki/H%E1%BB%99i_An_(city),2026-08-27,MEDIUM,YES,YES,
lf_hoi_an_vn_kayaking_access,hoi-an-vn,water_and_boating,kayaking_access,NOT_APPLICABLE,MODERATE,IN_DESTINATION,Kayaking,"Kayak rides on the Thu Bon River are documented as 'an increasingly common tourist activity,' though this specific claim carries a Wikipedia failed-verification tag.",Wikipedia,https://en.wikipedia.org/wiki/H%E1%BB%99i_An_(city),2026-08-27,MEDIUM,YES,YES,Source citation itself is flagged [failed verification] in Wikipedia; confidence held at MEDIUM rather than HIGH for this reason.
lf_hoi_an_vn_paddleboarding_access,hoi-an-vn,water_and_boating,paddleboarding_access,NOT_APPLICABLE,UNKNOWN,NOT_APPLICABLE,Paddleboarding,No paddleboarding outfitter identified in this research pass.,,,,LOW,NO,YES,
lf_hoi_an_vn_swimming_access,hoi-an-vn,water_and_boating,swimming_access,NOT_APPLICABLE,STRONG,IN_DESTINATION,Swimming access,"Existing DESTINATIONS.beach_access = DIRECT_ACCESS plus existing PLACES named-beach rows (An Bang, Cua Dai).","Batch #1 workbook (existing, untouched v3.2)",,,HIGH,YES,YES,Existing workbook evidence.
lf_hoi_an_vn_surfing_access,hoi-an-vn,water_and_boating,surfing_access,NOT_APPLICABLE,UNKNOWN,NOT_APPLICABLE,Surfing,No surf break/school specifically confirmed this pass.,,,,LOW,NO,YES,
lf_hoi_an_vn_scuba_snorkeling_access,hoi-an-vn,water_and_boating,scuba_snorkeling_access,NOT_APPLICABLE,MODERATE,WITHIN_60_MIN,Scuba diving / snorkeling,"The Cham Islands, roughly 15-19km offshore and reachable by an approximately 30-minute speedboat crossing, are documented to have 'facilities for camping, swimming and scuba diving'.",Wikipedia,https://en.wikipedia.org/wiki/Ch%C3%A0m_Islands,2026-08-27,MEDIUM,YES,YES,"Proximity band widened to WITHIN_60_MIN to conservatively account for travel to the departure point plus the boat crossing itself, rather than asserting the crossing time alone."
lf_hoi_an_vn_golf_access,hoi-an-vn,outdoor_recreation,golf_access,NOT_APPLICABLE,UNKNOWN,NOT_APPLICABLE,Golf access,No golf course confirmed for this destination in this research pass; existing PLACES also has no golf category entry.,,,,LOW,NO,YES,
lf_hoi_an_vn_pickleball_access,hoi-an-vn,outdoor_recreation,pickleball_access,NOT_APPLICABLE,UNKNOWN,NOT_APPLICABLE,Pickleball,No evidence found either way.,,,,LOW,NO,NO,
lf_hoi_an_vn_tennis_access,hoi-an-vn,outdoor_recreation,tennis_access,NOT_APPLICABLE,UNKNOWN,NOT_APPLICABLE,Tennis,No evidence found either way.,,,,LOW,NO,NO,
lf_hoi_an_vn_skiing_snowboarding_access,hoi-an-vn,outdoor_recreation,skiing_snowboarding_access,NOT_APPLICABLE,NONE,NOT_APPLICABLE,Skiing / snowboarding,Tropical monsoon coastal climate; no ski facility exists or is climatically feasible.,Wikipedia,https://en.wikipedia.org/wiki/H%E1%BB%99i_An_(city),2026-08-27,MEDIUM,YES,YES,
lf_hoi_an_vn_hiking_access,hoi-an-vn,outdoor_recreation,hiking_access,NOT_APPLICABLE,LIMITED,WITHIN_60_MIN,Hiking,The forested Cham Islands offer regional hiking terrain; no in-town hiking trail was confirmed.,Wikipedia,https://en.wikipedia.org/wiki/Ch%C3%A0m_Islands,2026-08-27,MEDIUM,YES,YES,
lf_hoi_an_vn_trail_access,hoi-an-vn,outdoor_recreation,trail_access,NOT_APPLICABLE,UNKNOWN,NOT_APPLICABLE,Walking / multi-use trails,No formal in-town multi-use trail confirmed this pass; see road_cycling_access for documented cycling routes.,,,,LOW,NO,YES,
lf_hoi_an_vn_road_cycling_access,hoi-an-vn,outdoor_recreation,road_cycling_access,NOT_APPLICABLE,STRONG,IN_DESTINATION,Road cycling,"Bicycle touring outside the old quarter is explicitly documented as a common visitor activity, alongside the existing PLACES description of Tra Que Vegetable Village as a cycling destination.",Wikipedia,https://en.wikipedia.org/wiki/H%E1%BB%99i_An_(city),2026-08-27,MEDIUM,YES,YES,
lf_hoi_an_vn_mountain_biking_access,hoi-an-vn,outdoor_recreation,mountain_biking_access,NOT_APPLICABLE,UNKNOWN,NOT_APPLICABLE,Mountain biking,No evidence found either way.,,,,LOW,NO,NO,
lf_hoi_an_vn_hunting_access,hoi-an-vn,outdoor_recreation,hunting_access,NOT_APPLICABLE,UNKNOWN,NOT_APPLICABLE,Recreational hunting access (general/regional only),No destination-specific confirmation sought or found.,,,,LOW,NO,YES,
lf_hoi_an_vn_parks_open_space_access,hoi-an-vn,outdoor_recreation,parks_open_space_access,NOT_APPLICABLE,UNKNOWN,NOT_APPLICABLE,Parks & open space,No named public park confirmed for this destination; existing PLACES also has no park category entry.,,,,LOW,NO,YES,
lf_hoi_an_vn_arts_culture_strength,hoi-an-vn,culture_and_daily_life,arts_culture_strength,NOT_APPLICABLE,STRONG,NOT_APPLICABLE,Arts & culture strength,"UNESCO World Heritage Site (1999) and UNESCO Creative City of Crafts and Folk Art (2023) designations, plus existing PLACES museum rows (History and Culture Museum, Museum of Trade Ceramics, Sa Huynh Culture Museum).","Batch #1 workbook (existing, untouched v3.2)",,,HIGH,YES,YES,Existing PLACES evidence plus Wikipedia corroboration.
lf_hoi_an_vn_dining_strength,hoi-an-vn,culture_and_daily_life,dining_strength,NOT_APPLICABLE,STRONG,NOT_APPLICABLE,Dining,"Named by CNN as the 'banh mi capital of Vietnam'; cao lau is documented as the town's signature dish, alongside white rose dumplings and com ga.",Wikipedia,https://en.wikipedia.org/wiki/H%E1%BB%99i_An_(city),2026-08-27,MEDIUM,YES,YES,"CNN naming is a factual, named-source recognition rather than a promotional claim."
lf_hoi_an_vn_farmers_market_access,hoi-an-vn,culture_and_daily_life,farmers_market_access,NOT_APPLICABLE,MODERATE,NOT_APPLICABLE,Farmers markets,Existing PLACES farmers_market category entry.,"Batch #1 workbook (existing, untouched v3.2)",,,HIGH,YES,YES,Existing PLACES evidence.
lf_queenstown_nz_settlement_type,queenstown-nz,community_form,settlement_type,RESORT_COMMUNITY,NOT_APPLICABLE,NOT_APPLICABLE,Community type,"city_type 'Alpine lake resort town'; tourism (ski, adventure) is documented as the town's defining economic activity.","Batch #1 workbook (existing, untouched v3.2)",,,HIGH,YES,YES,PRIMARY
lf_queenstown_nz_settlement_type_2,queenstown-nz,community_form,settlement_type,SMALL_TOWN,NOT_APPLICABLE,NOT_APPLICABLE,Community type,"Population approximately 29,000 (urban area) / 53,800 (Queenstown-Lakes District).",Wikipedia,"https://en.wikipedia.org/wiki/Queenstown,_New_Zealand",2026-08-27,MEDIUM,YES,YES,SECONDARY
lf_queenstown_nz_suburban_character,queenstown-nz,community_form,suburban_character,NOT_APPLICABLE,NONE,NOT_APPLICABLE,Suburban character,"A standalone resort town, not a suburb of a larger city.",Wikipedia,"https://en.wikipedia.org/wiki/Queenstown,_New_Zealand",2026-08-27,MEDIUM,YES,YES,
lf_queenstown_nz_resort_orientation,queenstown-nz,community_form,resort_orientation,NOT_APPLICABLE,STRONG,NOT_APPLICABLE,Resort orientation,"Tourism (ski fields, adventure sports, lake cruises) is documented as the central pillar of the local economy.",Wikipedia,"https://en.wikipedia.org/wiki/Queenstown,_New_Zealand",2026-08-27,MEDIUM,YES,YES,
lf_queenstown_nz_retirement_orientation,queenstown-nz,community_form,retirement_orientation,NOT_APPLICABLE,UNKNOWN,NOT_APPLICABLE,Retirement-community character,No evidence found either way.,,,,LOW,NO,NO,
lf_queenstown_nz_college_town_character,queenstown-nz,community_form,college_town_character,NOT_APPLICABLE,LIMITED,NOT_APPLICABLE,College-town character,"A branch campus of the Southern Institute of Technology and a tourism-focused tertiary campus are documented, but the town's identity is not primarily that of a college town.",Wikipedia,"https://en.wikipedia.org/wiki/Queenstown,_New_Zealand",2026-08-27,MEDIUM,YES,YES,
lf_queenstown_nz_master_planned_or_gated_character,queenstown-nz,community_form,master_planned_or_gated_character,NOT_APPLICABLE,UNKNOWN,NOT_APPLICABLE,Master-planned / gated community presence,No evidence found either way.,,,,LOW,NO,NO,
lf_queenstown_nz_community_energy,queenstown-nz,community_form,community_energy,ENERGETIC,NOT_APPLICABLE,NOT_APPLICABLE,Everyday atmosphere,"An extensive documented adventure-tourism and festival calendar (Queenstown Bike Festival, winter festival) alongside a lively central nightlife/dining district.",Wikipedia,"https://en.wikipedia.org/wiki/Queenstown,_New_Zealand",2026-08-27,MEDIUM,YES,YES,
lf_queenstown_nz_tourism_seasonality,queenstown-nz,community_form,tourism_seasonality,HIGH_SEASONALITY,NOT_APPLICABLE,NOT_APPLICABLE,Tourist-season variability,"Distinct ski-season (winter) and summer adventure-tourism peaks are documented, along with tourism-driven housing/rental pressure.",Wikipedia,"https://en.wikipedia.org/wiki/Queenstown,_New_Zealand",2026-08-27,MEDIUM,YES,YES,
lf_queenstown_nz_coastal_setting,queenstown-nz,natural_setting,coastal_setting,NOT_APPLICABLE,NONE,NOT_APPLICABLE,Coastal setting,An inland alpine lake town with no ocean access.,Wikipedia,"https://en.wikipedia.org/wiki/Queenstown,_New_Zealand",2026-08-27,MEDIUM,YES,YES,"This is not contradictory with the mirrored beach_access field below - coastal_setting specifically addresses ocean/sea access, while the existing beach_access enum does not itself distinguish ocean beaches from lake-shore beaches."
lf_queenstown_nz_beach_access,queenstown-nz,natural_setting,beach_access,DIRECT_ACCESS,NOT_APPLICABLE,IN_DESTINATION,Beach access,Mirrors existing DESTINATIONS.beach_access = DIRECT_ACCESS.,DESTINATIONS.beach_access (existing authoritative field),,,HIGH,NO,YES,"Mirrored value, not independently researched. Likely reflects Lake Wakatipu shoreline/Queenstown Bay beach access rather than an ocean coastline; see coastal_setting for the clarifying distinction."
lf_queenstown_nz_mountain_access,queenstown-nz,natural_setting,mountain_access,SKI_RESORT_ACCESS,NOT_APPLICABLE,WITHIN_30_MIN,Mountain access,Mirrors existing DESTINATIONS.mountain_or_ski_access = SKI_RESORT_ACCESS.,DESTINATIONS.mountain_or_ski_access (existing authoritative field),,,HIGH,NO,YES,"Mirrored value, not independently researched."
lf_queenstown_nz_lake_access,queenstown-nz,natural_setting,lake_access,NOT_APPLICABLE,STRONG,IN_DESTINATION,Lake access,"The town sits directly on Lake Wakatipu, New Zealand's longest lake (80km) and third-largest by area.",Wikipedia,"https://en.wikipedia.org/wiki/Queenstown,_New_Zealand",2026-08-27,MEDIUM,YES,YES,
lf_queenstown_nz_river_access,queenstown-nz,natural_setting,river_access,NOT_APPLICABLE,MODERATE,WITHIN_30_MIN,River access,The Kawarau River drains Lake Wakatipu approximately 8km east of town; the Shotover and Kawarau rivers are documented sites for river-surfing and other water activities.,Wikipedia,"https://en.wikipedia.org/wiki/Queenstown,_New_Zealand",2026-08-27,MEDIUM,YES,YES,
lf_queenstown_nz_forest_access,queenstown-nz,natural_setting,forest_access,NOT_APPLICABLE,UNKNOWN,NOT_APPLICABLE,Forest / woodland access,The surrounding landscape is documented as predominantly alpine/tussock terrain; a specific named forest was not confirmed this pass.,,,,LOW,NO,YES,
lf_queenstown_nz_desert_setting,queenstown-nz,natural_setting,desert_setting,NOT_APPLICABLE,NONE,NOT_APPLICABLE,Desert setting,Oceanic climate (Koppen Cfb); no arid/desert biome.,Wikipedia,"https://en.wikipedia.org/wiki/Queenstown,_New_Zealand",2026-08-27,MEDIUM,YES,YES,
lf_queenstown_nz_countryside_access,queenstown-nz,natural_setting,countryside_access,NOT_APPLICABLE,MODERATE,WITHIN_30_MIN,Countryside access,Nearby Central Otago is a documented wine/agriculture region.,Wikipedia,"https://en.wikipedia.org/wiki/Queenstown,_New_Zealand",2026-08-27,MEDIUM,YES,YES,
lf_queenstown_nz_snow_access,queenstown-nz,natural_setting,snow_access,NOT_APPLICABLE,STRONG,IN_DESTINATION,Snow / winter-scenery access,"Regular winter snowfall is documented in the town's climate description, plus four major ski fields in the surrounding area.",Wikipedia,"https://en.wikipedia.org/wiki/Queenstown,_New_Zealand",2026-08-27,MEDIUM,YES,YES,
lf_queenstown_nz_marina_access,queenstown-nz,water_and_boating,marina_access,NOT_APPLICABLE,LIMITED,IN_DESTINATION,Marina access,"Queenstown Bay hosts the TSS Earnslaw heritage steamship wharf and other lake-cruise infrastructure, though no facility was specifically documented as a named 'marina' this pass.",Wikipedia,"https://en.wikipedia.org/wiki/Queenstown,_New_Zealand",2026-08-27,MEDIUM,YES,YES,
lf_queenstown_nz_boat_launch_access,queenstown-nz,water_and_boating,boat_launch_access,NOT_APPLICABLE,UNKNOWN,NOT_APPLICABLE,Boat ramp / launch access,No public boat ramp specifically confirmed this pass.,,,,LOW,NO,YES,
lf_queenstown_nz_slip_or_mooring_access,queenstown-nz,water_and_boating,slip_or_mooring_access,NOT_APPLICABLE,UNKNOWN,NOT_APPLICABLE,Boat slip / mooring availability,No slip/mooring facility specifically confirmed this pass.,,,,LOW,NO,YES,
lf_queenstown_nz_powerboating_access,queenstown-nz,water_and_boating,powerboating_access,NOT_APPLICABLE,MODERATE,IN_DESTINATION,Powerboating,'Jetboat' rides are explicitly listed among the town's adventure-tourism activities.,Wikipedia,"https://en.wikipedia.org/wiki/Queenstown,_New_Zealand",2026-08-27,MEDIUM,YES,YES,
lf_queenstown_nz_sailing_access,queenstown-nz,water_and_boating,sailing_access,NOT_APPLICABLE,LIMITED,IN_DESTINATION,Sailing,"A rowing club (Whakatipu Rowing Club) is documented on the lake, indicating organized on-water club culture; no dedicated sailing club was specifically confirmed.",Wikipedia,"https://en.wikipedia.org/wiki/Queenstown,_New_Zealand",2026-08-27,MEDIUM,YES,YES,
lf_queenstown_nz_fishing_access,queenstown-nz,water_and_boating,fishing_access,NOT_APPLICABLE,STRONG,IN_DESTINATION,Fishing access,"'Fly fishing' is explicitly listed among adventure-tourism activities, and Lake Wakatipu is documented to hold brown trout, salmon and rainbow trout populations.",Wikipedia,"https://en.wikipedia.org/wiki/Queenstown,_New_Zealand",2026-08-27,MEDIUM,YES,YES,
lf_queenstown_nz_kayaking_access,queenstown-nz,water_and_boating,kayaking_access,NOT_APPLICABLE,UNKNOWN,NOT_APPLICABLE,Kayaking,"Not specifically named among the documented recreation list this pass (jetboat, river-surf, scuba/snorkel, canyoning, fly fishing were named; kayaking was not).",,,,LOW,NO,YES,
lf_queenstown_nz_paddleboarding_access,queenstown-nz,water_and_boating,paddleboarding_access,NOT_APPLICABLE,UNKNOWN,NOT_APPLICABLE,Paddleboarding,No evidence found either way.,,,,LOW,NO,NO,
lf_queenstown_nz_swimming_access,queenstown-nz,water_and_boating,swimming_access,NOT_APPLICABLE,MODERATE,IN_DESTINATION,Swimming access,"Lake swimming is documented (including notable long-distance lake swims), though the alpine lake water is cold and full-lake swims are treated as an extreme sporting feat rather than casual recreation.",Wikipedia,"https://en.wikipedia.org/wiki/Queenstown,_New_Zealand",2026-08-27,MEDIUM,YES,YES,"Distinguish casual lakeside swimming (plausible, not separately itemized) from documented extreme/endurance swims."
lf_queenstown_nz_surfing_access,queenstown-nz,water_and_boating,surfing_access,NOT_APPLICABLE,MODERATE,WITHIN_30_MIN,Surfing,'River-surf' is explicitly listed among the area's adventure-tourism activities.,Wikipedia,"https://en.wikipedia.org/wiki/Queenstown,_New_Zealand",2026-08-27,MEDIUM,YES,YES,
lf_queenstown_nz_scuba_snorkeling_access,queenstown-nz,water_and_boating,scuba_snorkeling_access,NOT_APPLICABLE,MODERATE,IN_DESTINATION,Scuba diving / snorkeling,"'Scuba diving or snorkeling in a river, bridge wreck, or in Lake Wakatipu' is explicitly listed under Sports and recreation.",Wikipedia,"https://en.wikipedia.org/wiki/Queenstown,_New_Zealand",2026-08-27,MEDIUM,YES,YES,
lf_queenstown_nz_golf_access,queenstown-nz,outdoor_recreation,golf_access,NOT_APPLICABLE,STRONG,IN_DESTINATION,Golf access,"Existing PLACES golf rows (Millbrook Resort, Jack's Point, Queenstown Golf Club) directly corroborated by Wikipedia's listing of the same three courses.","Batch #1 workbook (existing, untouched v3.2)",,,HIGH,YES,YES,"Existing PLACES evidence, corroborated."
lf_queenstown_nz_pickleball_access,queenstown-nz,outdoor_recreation,pickleball_access,NOT_APPLICABLE,UNKNOWN,NOT_APPLICABLE,Pickleball,No evidence found either way.,,,,LOW,NO,NO,
lf_queenstown_nz_tennis_access,queenstown-nz,outdoor_recreation,tennis_access,NOT_APPLICABLE,MODERATE,IN_DESTINATION,Tennis,A tennis club is documented at Queenstown Gardens.,Wikipedia,"https://en.wikipedia.org/wiki/Queenstown,_New_Zealand",2026-08-27,MEDIUM,YES,YES,
lf_queenstown_nz_skiing_snowboarding_access,queenstown-nz,outdoor_recreation,skiing_snowboarding_access,NOT_APPLICABLE,STRONG,WITHIN_30_MIN,Skiing / snowboarding,"Four major ski fields (Coronet Peak, The Remarkables, Cardrona Alpine Resort, Treble Cone) plus cross-country skiing at Waiorau Snow Farm are documented, exceeding the two courses already in existing PLACES.",Wikipedia,"https://en.wikipedia.org/wiki/Queenstown,_New_Zealand",2026-08-27,MEDIUM,YES,YES,Existing PLACES already lists Coronet Peak and The Remarkables; Wikipedia confirms two additional named ski fields.
lf_queenstown_nz_hiking_access,queenstown-nz,outdoor_recreation,hiking_access,NOT_APPLICABLE,STRONG,IN_DESTINATION,Hiking,"Existing PLACES trail rows (Ben Lomond, Queenstown Hill, Frankton Track) plus Wikipedia-confirmed Routeburn Track, one of New Zealand's official 'Great Walks'.","Batch #1 workbook (existing, untouched v3.2)",,,HIGH,YES,YES,Existing PLACES evidence plus Wikipedia corroboration. Routeburn Track trailhead is regional/further from town than the in-town tracks; see proposed places.
lf_queenstown_nz_trail_access,queenstown-nz,outdoor_recreation,trail_access,NOT_APPLICABLE,STRONG,IN_DESTINATION,Walking / multi-use trails,"The Queenstown Trail and Skippers Road are explicitly documented as popular walking, running and mountain-biking tracks.",Wikipedia,"https://en.wikipedia.org/wiki/Queenstown,_New_Zealand",2026-08-27,MEDIUM,YES,YES,
lf_queenstown_nz_road_cycling_access,queenstown-nz,outdoor_recreation,road_cycling_access,NOT_APPLICABLE,STRONG,IN_DESTINATION,Road cycling,An annual Queenstown Bike Festival and the multi-use Queenstown Trail are both explicitly documented.,Wikipedia,"https://en.wikipedia.org/wiki/Queenstown,_New_Zealand",2026-08-27,MEDIUM,YES,YES,
lf_queenstown_nz_mountain_biking_access,queenstown-nz,outdoor_recreation,mountain_biking_access,NOT_APPLICABLE,STRONG,IN_DESTINATION,Mountain biking,"Mountain biking is repeatedly and explicitly documented as a defining local activity, with named trails (Queenstown Trail, Skippers Road) and an annual dedicated bike festival.",Wikipedia,"https://en.wikipedia.org/wiki/Queenstown,_New_Zealand",2026-08-27,MEDIUM,YES,YES,
lf_queenstown_nz_hunting_access,queenstown-nz,outdoor_recreation,hunting_access,NOT_APPLICABLE,UNKNOWN,NOT_APPLICABLE,Recreational hunting access (general/regional only),No destination-specific confirmation sought or found.,,,,LOW,NO,YES,
lf_queenstown_nz_parks_open_space_access,queenstown-nz,outdoor_recreation,parks_open_space_access,NOT_APPLICABLE,STRONG,IN_DESTINATION,Parks & open space,"Existing PLACES park entry (Queenstown Gardens), corroborated by Wikipedia's documentation of tennis/cricket/netball/rugby clubs located there.","Batch #1 workbook (existing, untouched v3.2)",,,HIGH,YES,YES,"Existing PLACES evidence, corroborated."
lf_queenstown_nz_arts_culture_strength,queenstown-nz,culture_and_daily_life,arts_culture_strength,NOT_APPLICABLE,MODERATE,NOT_APPLICABLE,Arts & culture strength,Historic church buildings and a documented film-location heritage were found; no major dedicated art museum was confirmed this pass.,Wikipedia,"https://en.wikipedia.org/wiki/Queenstown,_New_Zealand",2026-08-27,MEDIUM,YES,YES,
lf_queenstown_nz_dining_strength,queenstown-nz,culture_and_daily_life,dining_strength,NOT_APPLICABLE,MODERATE,NOT_APPLICABLE,Dining,Existing PLACES restaurant rows.,"Batch #1 workbook (existing, untouched v3.2)",,,HIGH,YES,YES,Existing PLACES evidence.
lf_queenstown_nz_nightlife_strength,queenstown-nz,culture_and_daily_life,nightlife_strength,NOT_APPLICABLE,MODERATE,NOT_APPLICABLE,Nightlife,Existing PLACES nightlife category rows plus the documented central Queenstown Mall entertainment/shopping precinct.,"Batch #1 workbook (existing, untouched v3.2)",,,MEDIUM,YES,YES,Existing PLACES evidence plus Wikipedia corroboration.
